{
  	"San Francisco":[70011,70012,37.776348,-122.394935,1],
  	"22nd St":[70021,70022,37.757583,-122.392404,1],
  	"Bayshore":[70031,70032,37.709544,-122.40198,1],
  	"So. San Francisco":[70041,70042,37.655946,-122.405018,1],
  	"San Bruno":[70051,70052,37.631108,-122.412076,1],
  	"Millbrae":[70061,70062,37.599797,-122.386832,2],
  	"Broadway":[70071,70072,37.587552,-122.362708,2],
  	"Burlingame":[70081,70082,37.580186,-122.345075,2],
  	"San Mateo":[70091,70092,37.568294,-122.324092,2],
  	"Hayward Park":[70101,70102,37.552994,-122.309608,2],
  	"Hillsdale":[70111,70112,37.537814,-122.297461,2],
  	"Belmont":[70121,70122,37.520844,-122.275816,2],
  	"San Carlos":[70131,70132,37.507933,-122.260266,2],
  	"Redwood City":[70141,70142,37.486101,-122.232,2],
  	"Atherton":[70151,70152,37.464584,-122.197869,3],
  	"Menlo Park":[70161,70162,37.454745,-122.182405,3],
  	"Palo Alto":[70171,70172,37.443405,-122.164697,3],
  	"California Ave":[70191,70192,37.429333,-122.141978,3],
  	"San Antonio":[70201,70202,37.407277,-122.107125,3],
  	"Mt View":[70211,70212,37.394402,-122.075994,3],
  	"Sunnyvale":[70221,70222,37.378789,-122.031423,3],
  	"Lawrence":[70231,70232,37.370484,-121.997135,4],
  	"Santa Clara":[70241,70242,37.353189,-121.936135,4],
  	"College Park":[70251,70252,37.342338,-121.914677,4],
  	"San Jose Diridon":[70261,70262,37.329231,-121.903173,4],
  	"Tamien":[70271,70272,37.31175,-121.883999,4],
  	"Capitol":[70281,70282,37.284062,-121.842037,5],
  	"Blossom Hill":[70291,70292,37.252379,-121.797683,5],
  	"Morgan Hill":[70301,70302,37.129321,-121.650304,6],
  	"San Martin":[70311,70312,37.086653,-121.610936,6],
  	"Gilroy":[70321,70322,37.003485,-121.566225,6]
}
