{
 	"San Francisco":[70011,70012,-122.394935,37.776348,1],
 	"22nd St":[70021,70022,-122.392404,37.757583,1],
 	"Bayshore":[70031,70032,-122.40198,37.709544,1],
 	"So. San Francisco":[70041,70042,-122.405018,37.655946,1],
 	"San Bruno":[70051,70052,-122.412076,37.631108,1],
 	"Millbrae":[70061,70062,-122.386832,37.599797,2],
 	"Broadway":[70071,70072,-122.362708,37.587552,2],
 	"Burlingame":[70081,70082,-122.345075,37.580186,2],
 	"San Mateo":[70091,70092,-122.324092,37.568294,2],
 	"Hayward Park":[70101,70102,-122.309608,37.552994,2],
 	"Hillsdale":[70111,70112,-122.297461,37.537814,2],
 	"Belmont":[70121,70122,-122.275816,37.520844,2],
 	"San Carlos":[70131,70132,-122.260266,37.507933,2],
 	"Redwood City":[70141,70142,-122.232,37.486101,2],
 	"Atherton":[70151,70152,-122.197869,37.464584,3],
 	"Menlo Park":[70161,70162,-122.182405,37.454745,3],
 	"Palo Alto":[70171,70172,-122.164697,37.443405,3],
 	"California Ave":[70191,70192,-122.141978,37.429333,3],
 	"San Antonio":[70201,70202,-122.107125,37.407277,3],
 	"Mt View":[70211,70212,-122.075994,37.394402,3],
 	"Sunnyvale":[70221,70222,-122.031423,37.378789,3],
 	"Lawrence":[70231,70232,-121.997135,37.370484,4],
 	"Santa Clara":[70241,70242,-121.936135,37.353189,4],
 	"College Park":[70251,70252,-121.914677,37.342338,4],
 	"San Jose Diridon":[70261,70262,-121.903173,37.329231,4],
 	"Tamien":[70271,70272,-121.883999,37.31175,4],
 	"Capitol":[70281,70282,-121.842037,37.284062,5],
 	"Blossom Hill":[70291,70292,-121.797683,37.252379,5],
 	"Morgan Hill":[70301,70302,-121.650304,37.129321,6],
 	"San Martin":[70311,70312,-121.610936,37.086653,6],
 	"Gilroy":[70321,70322,-121.566225,37.003485,6]
}
